<?xml version="1.0" encoding="UTF-8"?>
<beans xmlns="http://www.springframework.org/schema/beans"
	xmlns:p="http://www.springframework.org/schema/p" 
	xmlns:c="http://www.springframework.org/schema/c"
	xmlns:xsi="http://www.w3.org/2001/XMLSchema-instance"
	xmlns:aop="http://www.springframework.org/schema/aop"
	xmlns:tx="http://www.springframework.org/schema/tx"
	xmlns:context="http://www.springframework.org/schema/context"
	xmlns:mvc="http://www.springframework.org/schema/mvc"
	xsi:schemaLocation="
    		http://www.springframework.org/schema/beans http://www.springframework.org/schema/beans/spring-beans-4.3.xsd
			http://www.springframework.org/schema/aop http://www.springframework.org/schema/aop/spring-aop-4.3.xsd
			http://www.springframework.org/schema/context http://www.springframework.org/schema/context/spring-context-4.3.xsd
			http://www.springframework.org/schema/tx http://www.springframework.org/schema/tx/spring-tx-4.3.xsd
			http://www.springframework.org/schema/mvc http://www.springframework.org/schema/mvc/spring-mvc.xsd"
	default-lazy-init="false">

    <!-- 告诉Spring MVC应扫描包cn.edu.hbuas.etd.web，将其中用@Controller
    	   注解标注的类创建为控制器bean -->
    <context:component-scan base-package="cn.edu.hbuas.etd.web"/>
    
    <!-- 静态资源解析
		包括:js/css/img.... -->
		<mvc:resources location="/js/" mapping="/js/**"></mvc:resources>
		<mvc:resources location="/layui/" mapping="/layui/**"></mvc:resources>
		<mvc:resources location="/layui/font" mapping="/layui/font/**"></mvc:resources>
		<mvc:resources location="/css/" mapping="/css/**"></mvc:resources>
		<mvc:resources location="/fonts/" mapping="/fonts/**"></mvc:resources>
		<mvc:resources location="/images/" mapping="/images/**"></mvc:resources>
    
    <!-- 视图解析器，把逻辑视图名解析为物理视图资源，此视图解析器是Spring MVC自带的
    	 prefix是前缀，suffix是后缀，将前缀放置到逻辑视图名称的前面，后缀放置到逻辑
    	 视图名称的后面，即构成完整的物理视图资源名称。
     -->
    <bean 
    	class="org.springframework.web.servlet.view.InternalResourceViewResolver"
    	p:prefix="/jsp/"
    	p:suffix=".jsp"/>
    
    <mvc:annotation-driven/>
    
    <!-- 文件上传 -->
	<bean id="multipartResolver" class="org.springframework.web.multipart.commons.CommonsMultipartResolver">
	   <property name="defaultEncoding" value="UTF-8"></property>
		<property name="maxUploadSize" value="5120000000"></property>
		<property name="resolveLazily" value="true"></property>
	</bean>
    
</beans>