<?xml version="1.0" encoding="UTF-8" ?>   
    <!DOCTYPE mapper   
        PUBLIC "-//mybatis.org//DTD Mapper 3.0//EN"   
        "http://mybatis.org/dtd/mybatis-3-mapper.dtd">
<!-- 不使用namespace的话sql搜索定位会比较方便-->
<mapper namespace="com.neusoft.mapper.ProjectMapper">

     <!-- 实体类与数据库映射字段部分  start -->
	<resultMap id="ResultMapProject" type="com.neusoft.po.Project">
        <result property="id" column="id"  jdbcType="INTEGER"/>
        <result property="code" column="code"  jdbcType="VARCHAR"/>
        <result property="name" column="name"  jdbcType="VARCHAR"/>
        <result property="studentCode" column="student_code"  jdbcType="VARCHAR"/>
        <result property="studentName" column="student_name"  jdbcType="VARCHAR"/>
        <result property="member" column="member"  jdbcType="VARCHAR"/>
        <result property="teacherCode" column="teacher_code"  jdbcType="VARCHAR"/>
        <result property="teacherName" column="teacher_name"  jdbcType="VARCHAR"/>
        <result property="startTime" column="start_time"  jdbcType="VARCHAR"/>
        <result property="endTime" column="end_time"  jdbcType="VARCHAR"/>
        <result property="funding" column="funding"  jdbcType="VARCHAR"/>
        <result property="oneUrl" column="one_url"  jdbcType="VARCHAR"/>
        <result property="twoUrl" column="two_url"  jdbcType="VARCHAR"/>
        <result property="threeUrl" column="three_url"  jdbcType="VARCHAR"/>
        <result property="process" column="process"  jdbcType="INTEGER"/>
        <result property="status" column="status"  jdbcType="INTEGER"/>
        <result property="siDelete" column="siDelete"  jdbcType="INTEGER"/>
        <result property="addTime" column="addTime"  jdbcType="DATE"/>
	</resultMap>
	 <!-- 实体类与数据库映射字段部分  end -->
	 
	 <!-- 声明数据库字段 -->
	<sql id="Project_field">
           id,
           code,
           name,
           student_code,
           student_name,
           member,
           teacher_code,
           teacher_name,
           start_time,
           end_time,
           funding,
           one_url,
           two_url,
           three_url,
           process,
           status,
           siDelete,
           addTime
	</sql>
	
	<!-- 实体类属性  -->
	<sql id="Project_insert">
        	#{id} ,
        	#{code} ,
        	#{name} ,
        	#{studentCode} ,
        	#{studentName} ,
        	#{member} ,
        	#{teacherCode} ,
        	#{teacherName} ,
        	#{startTime} ,
        	#{endTime} ,
        	#{funding} ,
        	#{oneUrl} ,
        	#{twoUrl} ,
        	#{threeUrl} ,
        	#{process} ,
        	#{status} ,
        	#{siDelete} ,
        	#{addTime} 
	</sql>
	
	<!-- 执行修改时 数据库字段和表字段比较 -->
	<sql id="Project_update">
		    <if test="code != null" >
	            code = #{code} ,
	        </if>
		    <if test="name != null" >
	            name = #{name} ,
	        </if>
		    <if test="studentCode != null" >
	            student_code = #{studentCode} ,
	        </if>
		    <if test="studentName != null" >
	            student_name = #{studentName} ,
	        </if>
		    <if test="member != null" >
	            member = #{member} ,
	        </if>
		    <if test="teacherCode != null" >
	            teacher_code = #{teacherCode} ,
	        </if>
		    <if test="teacherName != null" >
	            teacher_name = #{teacherName} ,
	        </if>
		    <if test="startTime != null" >
	            start_time = #{startTime} ,
	        </if>
		    <if test="endTime != null" >
	            end_time = #{endTime} ,
	        </if>
		    <if test="funding != null" >
	            funding = #{funding} ,
	        </if>
		    <if test="oneUrl != null" >
	            one_url = #{oneUrl} ,
	        </if>
		    <if test="twoUrl != null" >
	            two_url = #{twoUrl} ,
	        </if>
		    <if test="threeUrl != null" >
	            three_url = #{threeUrl} ,
	        </if>
		    <if test="process != null" >
	            process = #{process} ,
	        </if>
		    <if test="status != null" >
	            status = #{status} ,
	        </if>
		    <if test="siDelete != null" >
	            siDelete = #{siDelete} ,
	        </if>
		    <if test="addTime != null" >
	            addTime = #{addTime} 
	        </if>
	</sql>
	
	<!-- 查询时条件 -->
	<sql id="Project_where">
	        <if test="id != null " >
	            and id =#{id}
	        </if>
	        <if test="code != null " >
	            and code =#{code}
	        </if>
	        <if test="name != null " >
	            and name =#{name}
	        </if>
	        <if test="studentCode != null " >
	            and student_code =#{studentCode}
	        </if>
	        <if test="studentName != null " >
	            and student_name =#{studentName}
	        </if>
	        <if test="member != null " >
	            and member =#{member}
	        </if>
	        <if test="teacherCode != null " >
	            and teacher_code =#{teacherCode}
	        </if>
	        <if test="teacherName != null " >
	            and teacher_name =#{teacherName}
	        </if>
	        <if test="startTime != null " >
	            and start_time =#{startTime}
	        </if>
	        <if test="endTime != null " >
	            and end_time =#{endTime}
	        </if>
	        <if test="funding != null " >
	            and funding =#{funding}
	        </if>
	        <if test="oneUrl != null " >
	            and one_url =#{oneUrl}
	        </if>
	        <if test="twoUrl != null " >
	            and two_url =#{twoUrl}
	        </if>
	        <if test="threeUrl != null " >
	            and three_url =#{threeUrl}
	        </if>
	        <if test="process != null " >
	            and process =#{process}
	        </if>
	        <if test="status != null " >
	            and status =#{status}
	        </if>
	        <if test="siDelete != null " >
	            and siDelete =#{siDelete}
	        </if>
	        <if test="addTime != null " >
	            and addTime =#{addTime}
	        </if>
	</sql>
	
   <!-- **************************************分割线************************************************************ -->	
	
	<!-- 以下是sql执行语句 
	     注意：1)需要传参数的请注意你使用的方法是 xxByMap还是ByEntuty 存放的参数类型不一致。
	      2)非自定义的方法已经是basedao注明的。方法名一定要和id相同
	      3)自定义类的方法注意是否和共有方法重名id
	      4)执行sql出现顺序和baseDao方法一致，便于查询请勿随意添加，自定义的sql一律放在自定义sql区域
	 -->
	
	
   <!-- ========================================新增==================================================================== -->
	<!-- 
	 【注意添加序列】
	 1.方法描述：新增数据
	 2.参数：实体类
	 3.返回：主键
	-->
	<insert id="insert" parameterType="com.neusoft.po.Project" useGeneratedKeys="true" keyProperty="id">
        INSERT INTO project (
        <include refid="Project_field" />
        ) VALUES (
        <include refid="Project_insert" />       
        )
	</insert>
	
	
	 <!-- ========================================删除==================================================================== -->
	<!-- 
	 1.方法描述：根据主键id删除
	 2.参数：主键id
	-->
	<delete id="deleteById" parameterType="java.lang.Integer">
	 delete from project where id=#{id}
	</delete>
	
	
	<!-- 
	 1.方法描述：根据实体类删除
	 2.参数：主键id
	-->
	<delete id="deleteByEntity" parameterType="com.neusoft.po.Project">
	 delete from project
	  WHERE 1=1
      <include refid="Project_where" />   
	</delete>
	
	
	<!-- 
	 1.方法描述：根据map删除
	 2.参数：主键id
	-->
	<delete id="deleteByMap" parameterType="java.util.HashMap">
	 delete from project
	  WHERE 1=1
      <include refid="Project_where" />   
	</delete>
	
	
	 <!-- ========================================修改==================================================================== -->
	<!-- 
	 1.方法描述：修改数据
	 2.参数：实体类
	-->
	<update id="update" parameterType="com.neusoft.po.Project">
        UPDATE project
        <set>
	        <include refid="Project_update" />
	    </set>
        WHERE 1=1
        	<include refid="Project_where" />        
	</update>
	
	<!-- 
	 1.方法描述：修改数据通过id
	 2.参数：实体类
	 -->
	<update id="updateById" parameterType="com.neusoft.po.Project">
        UPDATE project
        <set>
	        <include refid="Project_update" />
	    </set>
        WHERE 1=1
        	and id=#{id}      
	</update>
	
	
	
	 <!-- ========================================查询列表【不分页】==================================================================== -->
	
	<!-- 
	 1.方法描述：用于listByMap根据map查询
	 2.参数：map
	-->
	<select id="listByMap" resultMap="ResultMapProject" parameterType="map">
		select <include refid="Project_field" />
 		from project where 1=1
 		<include refid="Project_where" /> 
	</select>
	
	<!-- 
	 1.方法描述：用于select查询所有
	 2.参数：无参数
	-->
	<select id="listAll" resultMap="ResultMapProject">
		select <include refid="Project_field" />
 		from project 
	</select>
	
	
	<!-- 
	 1.方法描述：查询所有实体,根据实体属性值为判断条件查询所有实体，
	 2.参数：Entity
	-->
	<select id="listAllByEntity" resultMap="ResultMapProject" parameterType="com.neusoft.po.Project">
		select <include refid="Project_field" />
 		from project where 1=1
 		<include refid="Project_where" /> 
	</select>
	
	
	
	 <!-- ========================================查询单个对象==================================================================== -->
	<!-- 
	 1.方法描述：select查询单个
	 2.参数：id
	-->
	<select id="load" resultMap="ResultMapProject" parameterType="java.lang.Integer">
		select 	<include refid="Project_field" />
 		from project 
 		where id=#{id}
	</select>
	
	
	
	<!-- 
	 1.方法描述：select查询单个
	 2.参数：id
	-->
	<select id="getById" resultMap="ResultMapProject" parameterType="java.lang.Integer">
		select 	<include refid="Project_field" />
 		from project 
 		where id=#{id}
	</select>
	
	<!-- 
	 1.方法描述：用于getByMap根据map查询
	 2.参数：map
	-->
	<select id="getByMap" resultMap="ResultMapProject" parameterType="map">
		select <include refid="Project_field" />
 		from project where 1=1
 		<include refid="Project_where" /> 
	</select>
	
	<!-- 
	 1.方法描述：用于Entity根据Entity查询
	 2.参数：Entity
	 -->
	<select id="getByEntity" resultMap="ResultMapProject" parameterType="com.neusoft.po.Project">
		select <include refid="Project_field" />
 		from project where 1=1
 		<include refid="Project_where" /> 
	</select>
	
	
	 <!-- ========================================查询列表【分页】==================================================================== -->
     <!-- 
	 1.方法描述：分页
	 2.参数：map
	 -->
	<select id="findByMap" resultMap="ResultMapProject" parameterType="map">
		select <include refid="Project_field" />
 		from project where 1=1
 		<include refid="Project_where" /> 
	</select>
	
     <!-- 
	 1.方法描述：分页
	 2.参数：Entity
	 -->
	<select id="findByEntity" resultMap="ResultMapProject" parameterType="com.neusoft.po.Project">
		select <include refid="Project_field" />
 		from project where 1=1
 		<include refid="Project_where" /> 
	</select>
	
	
	 <!-- ========================================批量新增修改==================================================================== -->
	<!-- 
	 1.方法描述：批量插入
	 2.参数：集合/数组
	-->
	<insert id="insertBatch" parameterType="java.util.List">
        INSERT INTO project (
        <include refid="Project_field" />
        ) VALUES 
        <foreach collection="list" item="item" index="index"
			separator=",">
			(
			
	            #{item.code} ,
	            #{item.name} ,
	            #{item.studentCode} ,
	            #{item.studentName} ,
	            #{item.member} ,
	            #{item.teacherCode} ,
	            #{item.teacherName} ,
	            #{item.startTime} ,
	            #{item.endTime} ,
	            #{item.funding} ,
	            #{item.oneUrl} ,
	            #{item.twoUrl} ,
	            #{item.threeUrl} ,
	            #{item.process} ,
	            #{item.status} ,
	            #{item.siDelete} ,
	            #{item.addTime} 
			
			)
		</foreach>       
        
	</insert>
    
    <!-- 
	 1.方法描述：批量修改
	 2.参数：集合/数组
	-->
	<update id="updateBatch" parameterType="java.util.List">
		<foreach collection="list" item="item" index="index"
			separator=";">
        UPDATE 
        project 
        <set>
		    <if test="item.code != null" >
	        code = #{item.code},
	        </if>
		    <if test="item.name != null" >
	        name = #{item.name},
	        </if>
		    <if test="item.studentCode != null" >
	        student_code = #{item.studentCode},
	        </if>
		    <if test="item.studentName != null" >
	        student_name = #{item.studentName},
	        </if>
		    <if test="item.member != null" >
	        member = #{item.member},
	        </if>
		    <if test="item.teacherCode != null" >
	        teacher_code = #{item.teacherCode},
	        </if>
		    <if test="item.teacherName != null" >
	        teacher_name = #{item.teacherName},
	        </if>
		    <if test="item.startTime != null" >
	        start_time = #{item.startTime},
	        </if>
		    <if test="item.endTime != null" >
	        end_time = #{item.endTime},
	        </if>
		    <if test="item.funding != null" >
	        funding = #{item.funding},
	        </if>
		    <if test="item.oneUrl != null" >
	        one_url = #{item.oneUrl},
	        </if>
		    <if test="item.twoUrl != null" >
	        two_url = #{item.twoUrl},
	        </if>
		    <if test="item.threeUrl != null" >
	        three_url = #{item.threeUrl},
	        </if>
		    <if test="item.process != null" >
	        process = #{item.process},
	        </if>
		    <if test="item.status != null" >
	        status = #{item.status},
	        </if>
		    <if test="item.siDelete != null" >
	        siDelete = #{item.siDelete},
	        </if>
		    <if test="item.addTime != null" >
	        addTime = #{item.addTime}
	        </if>
	    </set>
        WHERE 
        	1=1 
        </foreach>    
	</update>

   <!-- ******************************自定义 sql************************************************************** -->
   
   <!-- 
           通过sql查询单个对象 返回对象
    -->
   <select id="getBySqlReturnEntity" resultMap="ResultMapProject">
		${sql}
   </select>
   
    <!-- 
           通过sql查询单个对象 返回map
    -->
   <select id="getBySqlReturnMap" resultType="map">
		${sql}
   </select>
   
   <!-- 
           通过sql查询集合 返回对象
    -->
   <select id="listBySqlReturnEntity" resultMap="ResultMapProject">
		${sql}
   </select>
   
    <!-- 
           通过sql查询查询集合 返回map
    -->
   <select id="listBySqlReturnMap" resultType="map">
		${sql}
   </select>
   
   <!-- 
           通过sql查询分页集合 返回对象
    -->
   <select id="findBySqlRerturnEntity" resultMap="ResultMapProject">
		${sql}
   </select>
   
   <!-- 通过sql修改 -->
   <update id="updateBysql">
       ${sql}  
   </update>
   
   <delete id="deleteBySql">
	${sql}  
	</delete>
	
</mapper>

