<?xml version="1.0" encoding="UTF-8" ?>   
    <!DOCTYPE mapper   
        PUBLIC "-//mybatis.org//DTD Mapper 3.0//EN"   
        "http://mybatis.org/dtd/mybatis-3-mapper.dtd">
<!-- 不使用namespace的话sql搜索定位会比较方便-->
<mapper namespace="com.neusoft.mapper.StudentMapper">

     <!-- 实体类与数据库映射字段部分  start -->
	<resultMap id="ResultMapStudent" type="com.neusoft.po.Student">
        <result property="sid" column="s_id"  jdbcType="CHAR"/>
        <result property="suser" column="s_user"  jdbcType="INTEGER"/>
        <result property="spwd" column="s_pwd"  jdbcType="CHAR"/>
        <result property="sname" column="s_name"  jdbcType="CHAR"/>
        <result property="sgender" column="s_gender"  jdbcType="CHAR"/>
        <result property="scollegeId" column="s_collegeId"  jdbcType="INTEGER"/>
        <result property="smajorId" column="s_majorId"  jdbcType="INTEGER"/>
        <result property="stutorId" column="s_tutorId"  jdbcType="INTEGER"/>
        <result property="stutorName" column="s_tutorName"  jdbcType="CHAR"/>
        <result property="sphone" column="s_phone"  jdbcType="BIGINT"/>
        <result property="smail" column="s_mail"  jdbcType="CHAR"/>
         <association property="college" column="s_collegeId" select="com.neusoft.mapper.CollegeMapper.load"/>
	
	</resultMap>
	 <!-- 实体类与数据库映射字段部分  end -->
	 
	 <!-- 声明数据库字段 -->
	<sql id="Student_field">
           s_id,
           s_user,
           s_pwd,
           s_name,
           s_gender,
           s_collegeId,
           s_majorId,
           s_tutorId,
           s_tutorName,
           s_phone,
           s_mail
	</sql>
	
	<!-- 实体类属性  -->
	<sql id="Student_insert">
        	#{sid} ,
        	#{suser} ,
        	#{spwd} ,
        	#{sname} ,
        	#{sgender} ,
        	#{scollegeId} ,
        	#{smajorId} ,
        	#{stutorId} ,
        	#{stutorName} ,
        	#{sphone} ,
        	#{smail} 
	</sql>
	
	<!-- 执行修改时 数据库字段和表字段比较 -->
	<sql id="Student_update">
		    <if test="suser != null" >
	            s_user = #{suser} ,
	        </if>
		    <if test="spwd != null" >
	            s_pwd = #{spwd} ,
	        </if>
		    <if test="sname != null" >
	            s_name = #{sname} ,
	        </if>
		    <if test="sgender != null" >
	            s_gender = #{sgender} ,
	        </if>
		    <if test="scollegeId != null" >
	            s_collegeId = #{scollegeId} ,
	        </if>
		    <if test="smajorId != null" >
	            s_majorId = #{smajorId} ,
	        </if>
		    <if test="stutorId != null" >
	            s_tutorId = #{stutorId} ,
	        </if>
		    <if test="stutorName != null" >
	            s_tutorName = #{stutorName} ,
	        </if>
		    <if test="sphone != null" >
	            s_phone = #{sphone} ,
	        </if>
		    <if test="smail != null" >
	            s_mail = #{smail} 
	        </if>
	</sql>
	
	<!-- 查询时条件 -->
	<sql id="Student_where">
	        <if test="sid != null " >
	            and s_id =#{sid}
	        </if>
	        <if test="suser != null " >
	            and s_user =#{suser}
	        </if>
	        <if test="spwd != null " >
	            and s_pwd =#{spwd}
	        </if>
	        <if test="sname != null " >
	            and s_name =#{sname}
	        </if>
	        <if test="sgender != null " >
	            and s_gender =#{sgender}
	        </if>
	        <if test="scollegeId != null " >
	            and s_collegeId =#{scollegeId}
	        </if>
	        <if test="smajorId != null " >
	            and s_majorId =#{smajorId}
	        </if>
	        <if test="stutorId != null " >
	            and s_tutorId =#{stutorId}
	        </if>
	        <if test="stutorName != null " >
	            and s_tutorName =#{stutorName}
	        </if>
	        <if test="sphone != null " >
	            and s_phone =#{sphone}
	        </if>
	        <if test="smail != null " >
	            and s_mail =#{smail}
	        </if>
	</sql>
	
   <!-- **************************************分割线************************************************************ -->	
	
	<!-- 以下是sql执行语句 
	     注意：1)需要传参数的请注意你使用的方法是 xxByMap还是ByEntuty 存放的参数类型不一致。
	      2)非自定义的方法已经是basedao注明的。方法名一定要和id相同
	      3)自定义类的方法注意是否和共有方法重名id
	      4)执行sql出现顺序和baseDao方法一致，便于查询请勿随意添加，自定义的sql一律放在自定义sql区域
	 -->
	
	
   <!-- ========================================新增==================================================================== -->
	<!-- 
	 【注意添加序列】
	 1.方法描述：新增数据
	 2.参数：实体类
	 3.返回：主键
	-->
	<insert id="insert" parameterType="com.neusoft.po.Student" useGeneratedKeys="true" keyProperty="sid">
        INSERT INTO student (
        <include refid="Student_field" />
        ) VALUES (
        <include refid="Student_insert" />       
        )
	</insert>
	
	
	 <!-- ========================================删除==================================================================== -->
	<!-- 
	 1.方法描述：根据主键id删除
	 2.参数：主键id
	-->
	<delete id="deleteById" parameterType="java.lang.Integer">
	 delete from student where id=#{sid}
	</delete>
	
	
	<!-- 
	 1.方法描述：根据实体类删除
	 2.参数：主键id
	-->
	<delete id="deleteByEntity" parameterType="com.neusoft.po.Student">
	 delete from student
	  WHERE 1=1
      <include refid="Student_where" />   
	</delete>
	
	
	<!-- 
	 1.方法描述：根据map删除
	 2.参数：主键id
	-->
	<delete id="deleteByMap" parameterType="java.util.HashMap">
	 delete from student
	  WHERE 1=1
      <include refid="Student_where" />   
	</delete>
	
	
	 <!-- ========================================修改==================================================================== -->
	<!-- 
	 1.方法描述：修改数据
	 2.参数：实体类
	-->
	<update id="update" parameterType="com.neusoft.po.Student">
        UPDATE student
        <set>
	        <include refid="Student_update" />
	    </set>
        WHERE 1=1
        	<include refid="Student_where" />        
	</update>
	
	<!-- 
	 1.方法描述：修改数据通过id
	 2.参数：实体类
	 -->
	<update id="updateById" parameterType="com.neusoft.po.Student">
        UPDATE student
        <set>
	        <include refid="Student_update" />
	    </set>
        WHERE 1=1
        	and id=#{sid}      
	</update>
	
	
	
	 <!-- ========================================查询列表【不分页】==================================================================== -->
	
	<!-- 
	 1.方法描述：用于listByMap根据map查询
	 2.参数：map
	-->
	<select id="listByMap" resultMap="ResultMapStudent" parameterType="map">
		select <include refid="Student_field" />
 		from student where 1=1
 		<include refid="Student_where" /> 
	</select>
	
	<!-- 
	 1.方法描述：用于select查询所有
	 2.参数：无参数
	-->
	<select id="listAll" resultMap="ResultMapStudent">
		select <include refid="Student_field" />
 		from student 
	</select>
	
	
	<!-- 
	 1.方法描述：查询所有实体,根据实体属性值为判断条件查询所有实体，
	 2.参数：Entity
	-->
	<select id="listAllByEntity" resultMap="ResultMapStudent" parameterType="com.neusoft.po.Student">
		select <include refid="Student_field" />
 		from student where 1=1
 		<include refid="Student_where" /> 
	</select>
	
	
	
	 <!-- ========================================查询单个对象==================================================================== -->
	<!-- 
	 1.方法描述：select查询单个
	 2.参数：id
	-->
	<select id="load" resultMap="ResultMapStudent" parameterType="java.lang.Integer">
		select 	<include refid="Student_field" />
 		from student 
 		where id=#{sid}
	</select>
	
	
	
	<!-- 
	 1.方法描述：select查询单个
	 2.参数：id
	-->
	<select id="getById" resultMap="ResultMapStudent" parameterType="java.lang.Integer">
		select 	<include refid="Student_field" />
 		from student 
 		where id=#{sid}
	</select>
	
	<!-- 
	 1.方法描述：用于getByMap根据map查询
	 2.参数：map
	-->
	<select id="getByMap" resultMap="ResultMapStudent" parameterType="map">
		select <include refid="Student_field" />
 		from student where 1=1
 		<include refid="Student_where" /> 
	</select>
	
	<!-- 
	 1.方法描述：用于Entity根据Entity查询
	 2.参数：Entity
	 -->
	<select id="getByEntity" resultMap="ResultMapStudent" parameterType="com.neusoft.po.Student">
		select <include refid="Student_field" />
 		from student where 1=1
 		<include refid="Student_where" /> 
	</select>
	
	
	 <!-- ========================================查询列表【分页】==================================================================== -->
     <!-- 
	 1.方法描述：分页
	 2.参数：map
	 -->
	<select id="findByMap" resultMap="ResultMapStudent" parameterType="map">
		select <include refid="Student_field" />
 		from student where 1=1
 		<include refid="Student_where" /> 
	</select>
	
     <!-- 
	 1.方法描述：分页
	 2.参数：Entity
	 -->
	<select id="findByEntity" resultMap="ResultMapStudent" parameterType="com.neusoft.po.Student">
		select <include refid="Student_field" />
 		from student where 1=1
 		<include refid="Student_where" /> 
	</select>
	
	
	 <!-- ========================================批量新增修改==================================================================== -->
	<!-- 
	 1.方法描述：批量插入
	 2.参数：集合/数组
	-->
	<insert id="insertBatch" parameterType="java.util.List">
        INSERT INTO student (
        <include refid="Student_field" />
        ) VALUES 
        <foreach collection="list" item="item" index="index"
			separator=",">
			(
			
	            #{item.suser} ,
	            #{item.spwd} ,
	            #{item.sname} ,
	            #{item.sgender} ,
	            #{item.scollegeId} ,
	            #{item.smajorId} ,
	            #{item.stutorId} ,
	            #{item.stutorName} ,
	            #{item.sphone} ,
	            #{item.smail} 
			
			)
		</foreach>       
        
	</insert>
    
    <!-- 
	 1.方法描述：批量修改
	 2.参数：集合/数组
	-->
	<update id="updateBatch" parameterType="java.util.List">
		<foreach collection="list" item="item" index="index"
			separator=";">
        UPDATE 
        student 
        <set>
		    <if test="item.suser != null" >
	        s_user = #{item.suser},
	        </if>
		    <if test="item.spwd != null" >
	        s_pwd = #{item.spwd},
	        </if>
		    <if test="item.sname != null" >
	        s_name = #{item.sname},
	        </if>
		    <if test="item.sgender != null" >
	        s_gender = #{item.sgender},
	        </if>
		    <if test="item.scollegeId != null" >
	        s_collegeId = #{item.scollegeId},
	        </if>
		    <if test="item.smajorId != null" >
	        s_majorId = #{item.smajorId},
	        </if>
		    <if test="item.stutorId != null" >
	        s_tutorId = #{item.stutorId},
	        </if>
		    <if test="item.stutorName != null" >
	        s_tutorName = #{item.stutorName},
	        </if>
		    <if test="item.sphone != null" >
	        s_phone = #{item.sphone},
	        </if>
		    <if test="item.smail != null" >
	        s_mail = #{item.smail}
	        </if>
	    </set>
        WHERE 
        	1=1 
        </foreach>    
	</update>

   <!-- ******************************自定义 sql************************************************************** -->
   
   <!-- 
           通过sql查询单个对象 返回对象
    -->
   <select id="getBySqlReturnEntity" resultMap="ResultMapStudent">
		${sql}
   </select>
   
    <!-- 
           通过sql查询单个对象 返回map
    -->
   <select id="getBySqlReturnMap" resultType="map">
		${sql}
   </select>
   
   <!-- 
           通过sql查询集合 返回对象
    -->
   <select id="listBySqlReturnEntity" resultMap="ResultMapStudent">
		${sql}
   </select>
   
    <!-- 
           通过sql查询查询集合 返回map
    -->
   <select id="listBySqlReturnMap" resultType="map">
		${sql}
   </select>
   
   <!-- 
           通过sql查询分页集合 返回对象
    -->
   <select id="findBySqlRerturnEntity" resultMap="ResultMapStudent">
		${sql}
   </select>
   
   <!-- 通过sql修改 -->
   <update id="updateBysql">
       ${sql}  
   </update>
   
   <delete id="deleteBySql">
	${sql}  
	</delete>
	
</mapper>

