<beans xmlns="http://www.springframework.org/schema/beans"
	xmlns:xsi="http://www.w3.org/2001/XMLSchema-instance" xmlns:mvc="http://www.springframework.org/schema/mvc"
	xmlns:context="http://www.springframework.org/schema/context"
	xmlns:aop="http://www.springframework.org/schema/aop" xmlns:tx="http://www.springframework.org/schema/tx"
	xsi:schemaLocation="http://www.springframework.org/schema/beans 
		http://www.springframework.org/schema/beans/spring-beans-3.2.xsd 
		http://www.springframework.org/schema/mvc 
		http://www.springframework.org/schema/mvc/spring-mvc-3.2.xsd 
		http://www.springframework.org/schema/context 
		http://www.springframework.org/schema/context/spring-context-3.2.xsd 
		http://www.springframework.org/schema/aop 
		http://www.springframework.org/schema/aop/spring-aop-3.2.xsd 
		http://www.springframework.org/schema/tx 
		http://www.springframework.org/schema/tx/spring-tx-3.2.xsd ">

	<!-- 可以扫描controller、service、...
	这里让扫描controller，指定controller的包
	 -->
	<context:component-scan base-package="cn.edu.hbuas.etd.controller"></context:component-scan>

	<mvc:annotation-driven></mvc:annotation-driven>
	 <mvc:annotation-driven>
        <mvc:message-converters>
            <bean class="org.springframework.http.converter.StringHttpMessageConverter">
                <property name="supportedMediaTypes">
                    <list>
                        <value>application/json;charset=UTF-8</value>
                    </list>
                </property>
            </bean>
        </mvc:message-converters>
    </mvc:annotation-driven>
	<mvc:resources mapping="/resource/**" location="/resource/"/>
 <bean id="multipartResolver" class="org.springframework.web.multipart.commons.CommonsMultipartResolver"/>  
	<!-- 视图解析器
	解析jsp解析，默认使用jstl标签，classpath下的得有jstl的包
	 -->
	<bean
		class="org.springframework.web.servlet.view.InternalResourceViewResolver">
		<!-- 配置jsp路径的前缀 -->
		<property name="prefix" value="/WEB-INF/jsp/"/>
		<!-- 配置jsp路径的后缀 -->
		<property name="suffix" value=".jsp"/>
	</bean>
	
	
</beans>