<?xml version="1.0" encoding="UTF-8"?>
<beans xmlns="http://www.springframework.org/schema/beans"
	xmlns:p="http://www.springframework.org/schema/p" xmlns:c="http://www.springframework.org/schema/c"
	xmlns:xsi="http://www.w3.org/2001/XMLSchema-instance" xmlns:aop="http://www.springframework.org/schema/aop"
	xmlns:tx="http://www.springframework.org/schema/tx" xmlns:context="http://www.springframework.org/schema/context"
	xmlns:mybatis="http://mybatis.org/schema/mybatis-spring"
	xsi:schemaLocation="
    		http://www.springframework.org/schema/beans http://www.springframework.org/schema/beans/spring-beans-4.3.xsd
			http://www.springframework.org/schema/aop http://www.springframework.org/schema/aop/spring-aop-4.3.xsd
			http://www.springframework.org/schema/context http://www.springframework.org/schema/context/spring-context-4.3.xsd
			http://www.springframework.org/schema/tx http://www.springframework.org/schema/tx/spring-tx-4.3.xsd
			http://mybatis.org/schema/mybatis-spring http://mybatis.org/schema/mybatis-spring.xsd"
	default-lazy-init="false">
	
	<context:component-scan base-package="cn.edu.hbuas.etd.service" />
	
	<!--数据源配置，本示例采用Apache DBCP数据源，应预先把DBCP的jar包及其所依赖的 jar包复制到工程的lib目录下，并添加到Build 
		Path中。 -->
	<bean id="dataSource" class="org.apache.commons.dbcp.BasicDataSource">
		<property name="driverClassName" value="com.mysql.cj.jdbc.Driver" />
		<property name="url" value="jdbc:mysql://localhost/graduationdesign?serverTimezone=UTC&amp;useSSL=false" />
		<property name="username" value="root" />
		<property name="password" value="090455" />
	</bean>

	<bean id="sqlSessionFactory" class="org.mybatis.spring.SqlSessionFactoryBean">
		<!-- 指定要用到的数据源 -->
		<property name="dataSource" ref="dataSource" />
		<!-- 指定MyBatis的主配置文件，从类路径中加载， 相对于类的根路径 -->
		<property name="configLocation" value="classpath:mybatis/mybatis-config.xml" />
		<!-- 搜索包，自动取包中不包括包名的类名作为类型别名。 可指定多个包，包之间用逗号或分号分割 -->
		<property name="typeAliasesPackage" value="cn.edu.hbuas.etd.bean" />
		<!-- 使用通配符的形式指定多个映射器文件， 从类路径中加载映射文件，相对于类的根路径 -->
		<property name="mapperLocations" value="classpath:mybatis/mapper/*.xml" />
	</bean>

	<!-- base-package指定要扫描的包 -->
	<mybatis:scan base-package="cn.edu.hbuas.etd.mapper"/>
	
	<!-- 配置事务管理器，需要引用我们使用的DataSource对象 -->
	<bean id="txManager" 
		class="org.springframework.jdbc.datasource.DataSourceTransactionManager"
		p:dataSource-ref="dataSource" />
		
	<!-- 定义事务管理增强（也就是说，你要说清楚，你到底需要什么样的事务管理功能）， transaction-manager指定引用的事务管理器。默认查找名为 
		transactionManager 的事务管理器，所以如果事务管理器命名为 transactionManager，可以不指定transaction-manager属性的值 -->
	<tx:advice id="txAdvice" transaction-manager="txManager">
		<tx:attributes>
			<!-- get*表示匹配方法名以get开头的所有方法，其余的与此类似
			<tx:method name="get*" isolation="READ_UNCOMMITTED" propagation="REQUIRED" read-only="true" />
			<tx:method name="find*" isolation="READ_UNCOMMITTED" read-only="true" />
			rollback-for指定触发事务回滚的异常，未设置的事务配置取tx:advice的默认事务配置 -->
			
			<tx:method name="add*" isolation="SERIALIZABLE" />
			<tx:method name="update*" isolation="SERIALIZABLE" />
			<tx:method name="delete*" propagation="REQUIRED" />
			
			<tx:method name="*" isolation="DEFAULT" />
		</tx:attributes>
	</tx:advice>

	<tx:annotation-driven transaction-manager="txManager" />
	
	<aop:config>
		<!-- 定义切点 -->
		<aop:pointcut expression="execution(* cn.edu.hbuas.etd.service..*.*(..))" id="serviceMethods"/>
		<!-- 关联切点和通知 -->
		<aop:advisor advice-ref="txAdvice" pointcut-ref="serviceMethods"/>
	</aop:config>
	
	
</beans>