<?xml version="1.0" encoding="UTF-8"?>
<!DOCTYPE mapper
  PUBLIC "-//mybatis.org//DTD Mapper 3.0//EN"
  "http://mybatis.org/dtd/mybatis-3-mapper.dtd">
<!-- 映射器文件 -->
<mapper namespace="cn.edu.hbuas.etd.mapper.AdminMapper">

	<!-- 添加管理员 -->
	<insert id="addAdmin"
		parameterType="cn.edu.hbuas.etd.bean.Admin">
		insert into admin(a_id,a_pwd,a_name,a_gender,a_phone,a_mail)
		values(#{aId}, #{aPwd}, #{aName}, #{aGender}, #{aPhone}, #{aMail})
	</insert>

	<!-- 删除管理员 -->
	<delete id="deleteAdmins">
		delete from admin where a_id in
		<foreach item ="aId" collection="array" open="(" close=")" separator="," >
		#{aId}
		</foreach>
	</delete>
	
	<!-- 修改管理员 -->
	<update id="updateAdmin"
		parameterType="cn.edu.hbuas.etd.bean.Admin">
		update admin set 
		a_pwd = #{aPwd},
		a_name = #{aName},
		a_gender = #{aGender},
		a_phone = #{aPhone},
		a_mail = #{aMail} 
		where a_id = #{aId}
	</update>
	
	<!-- 查询管理员 -->
	<select id="selectAdmin"
		parameterType="java.lang.String"
		resultMap="adminResultMap">
		select * from admin where a_id=#{aId}
	</select>
	
	<!-- 分页查询管理员 -->
	<select id="selectAdminByPage"
		parameterType="cn.edu.hbuas.etd.bean.Admin"
		resultMap="adminResultMap">
		select * from admin
	</select>
	
	<resultMap type="cn.edu.hbuas.etd.bean.Admin"
		id="adminResultMap">
		<id column="a_id" property="aId"/>
		<result column="a_pwd" property="aPwd"/>
		<result column="a_name" property="aName"/>
		<result column="a_gender" property="aGender"/>
		<result column="a_phone" property="aPhone"/>
		<result column="a_mail" property="aMail"/>
	</resultMap>
	
</mapper>