<?xml version="1.0" encoding="UTF-8"?>
<!DOCTYPE mapper
  PUBLIC "-//mybatis.org//DTD Mapper 3.0//EN"
  "http://mybatis.org/dtd/mybatis-3-mapper.dtd">
<!-- 映射器文件 -->
<mapper namespace="cn.edu.hbuas.etd.mapper.AnnouncementMapper">

	<!-- 添加公告 -->
	<insert id="addAnnouncement"
		parameterType="cn.edu.hbuas.etd.bean.Announcement" useGeneratedKeys="true" keyProperty="id">
		insert into announcement(id,admin_id,admin_name,title,content)
		values(#{id}, #{adminId}, #{adminName}, #{title}, #{content})
	</insert>

	<!-- 删除公告 -->
	<delete id="deleteAnnouncements">
		delete from announcement where id in
		<foreach item ="id" collection="array" open="(" close=")" separator="," >
		#{id}
		</foreach>
	</delete>
	
	<!-- 修改公告 -->
	<update id="updateAnnouncement"
		parameterType="cn.edu.hbuas.etd.bean.Announcement">
		update announcement set 
		admin_id = #{adminId},
		admin_name = #{adminName},
		title = #{title},
		content = #{content}
		where id = #{id}
	</update>
	
	<!-- 查询公告 -->
	<select id="selectAnnouncement"
		parameterType="java.lang.Integer"
		resultMap="announcementResultMap">
		select * from announcement where id=#{id}
	</select>
	
	<!-- 分页查询管理员 -->
	<select id="selectAnnouncementByPage"
		parameterType="cn.edu.hbuas.etd.bean.Announcement"
		resultMap="announcementResultMap">
		select * from announcement
	</select>
	
	<resultMap type="cn.edu.hbuas.etd.bean.Announcement"
		id="announcementResultMap">
		<id column="id" property="id"/>
		<result column="admin_id" property="adminId"/>
		<result column="admin_name" property="adminName"/>
		<result column="title" property="title"/>
		<result column="content" property="content"/>
	</resultMap>
	
</mapper>