<?xml version="1.0" encoding="UTF-8"?>
<!DOCTYPE mapper
  PUBLIC "-//mybatis.org//DTD Mapper 3.0//EN"
  "http://mybatis.org/dtd/mybatis-3-mapper.dtd">
<!-- 映射器文件 -->
<mapper namespace="cn.edu.hbuas.etd.mapper.MajorMapper">

	<resultMap type="cn.edu.hbuas.etd.bean.Major"
		id="MajResultMap">
		<id column="collegeId" property="collegeId" jdbcType="INTEGER" />
		<id column="majorId" property="majorId" jdbcType="INTEGER" />
		<result column="major" property="major"
			jdbcType="CHAR" />
	</resultMap>

	<select id="getMajorById" parameterType="java.lang.String"
		resultMap="MajResultMap">
		select * from major
		<where>
			collegeId = #{collegeId,jdbcType=INTEGER}
		</where>

	</select>

</mapper>