<?xml version="1.0" encoding="UTF-8"?>
<!DOCTYPE mapper
  PUBLIC "-//mybatis.org//DTD Mapper 3.0//EN"
  "http://mybatis.org/dtd/mybatis-3-mapper.dtd">
<!-- 映射器文件 -->
<mapper namespace="cn.edu.hbuas.etd.mapper.ProjectMapper">

	<!-- 删除项目 -->
	<delete id="deleteProjects">
		delete from project where id in
		<foreach item ="id" collection="array" open="(" close=")" separator="," >
		#{id}
		</foreach>
	</delete>
	
	<!-- 修改项目 -->
	<!-- <update id="updateProject"
		parameterType="cn.edu.hbuas.etd.bean.Project">
		update project set 
		code = #{code},
		name = #{name},
		student_code = #{studentCode},
		student_name = #{studentName},
		member = #{member},
		teacher_code = #{teacherCode},
		teacher_name = #{teacherBame},
		start_time = #{startTime},
		end_time = #{endTime},
		funding = #{funding},
		ont_url = #{ontUrl},
		two_url = #{twoUrl},
		three_url = #{threeUrl},
		process = #{process},
		status = #{status},
		siDelete = #{siDelete},
		addTime = #{addTime} 
		where id = #{id}
	</update> -->
	
	<!-- 查询项目 -->
	<select id="selectProject"
		parameterType="java.lang.Integer"
		resultMap="projectResultMap">
		select * from project where id=#{id}
	</select>
	
	<!-- 分页查询项目 -->
	<select id="selectProjectByPage"
		parameterType="cn.edu.hbuas.etd.bean.Project"
		resultMap="projectResultMap">
		select * from project
	</select>
	
	<resultMap type="cn.edu.hbuas.etd.bean.Project"
		id="projectResultMap">
		<id column="id" property="id"/>
		<result column="code" property="code"/>
		<result column="name" property="name"/>
		<result column="student_code" property="studentCode"/>
		<result column="student_name" property="studentName"/>
		<result column="member" property="member"/>
		<result column="teacher_code" property="teacherCode"/>
		<result column="teacher_name" property="teacherName"/>
		<result column="start_time" property="startTime"/>
		<result column="end_time" property="endTime"/>
		<result column="funding" property="funding"/>
		<result column="one_url" property="oneUrl"/>
		<result column="two_url" property="twoUrl"/>
		<result column="three_url" property="threeUrl"/>
		<result column="process" property="process"/>
		<result column="status" property="status"/>
		<result column="siDelete" property="siDelete"/>
		<result column="addTime" property="addTime"/>
	</resultMap>
	
</mapper>