<?xml version="1.0" encoding="UTF-8"?>
<!DOCTYPE mapper
  PUBLIC "-//mybatis.org//DTD Mapper 3.0//EN"
  "http://mybatis.org/dtd/mybatis-3-mapper.dtd">
<!-- 映射器文件 -->
<mapper namespace="cn.edu.hbuas.etd.mapper.StudentMapper">

	<!-- 添加学生 -->
	<insert id="addStudent"
		parameterType="cn.edu.hbuas.etd.bean.Student">
		<selectKey keyProperty="sId" resultType="string" order="BEFORE">  
	        select replace(uuid(), '-', '') as id from dual
		</selectKey>
		insert into student(s_id,s_user,s_pwd,s_name,s_gender,s_collegeId,s_majorId,s_phone,s_mail)
		values(#{sId}, #{sUser}, #{sPwd}, #{sName}, #{sGender}, #{sCollegeId}, #{sMajorId}, #{sPhone}, #{sMail})
	</insert>

	<!-- 删除学生 -->
	<delete id="deleteStudents">
		delete from student where s_id in
		<foreach item ="sId" collection="array" open="(" close=")" separator="," >
		#{sId}
		</foreach>
	</delete>
	
	<!-- 修改学生 -->
	<update id="updateStudent"
		parameterType="cn.edu.hbuas.etd.bean.Student">
		update student set 
		s_user = #{sUser},
		s_pwd = #{sPwd},
		s_name = #{sName},
		s_gender = #{sGender},
		s_collegeId = #{sCollegeId},
		s_majorId = #{sMajorId},
		s_phone = #{sPhone},
		s_mail = #{sMail} 
		where s_id = #{sId}
	</update>
	
	<!-- 查询学生 -->
	<select id="selectStudent"
		parameterType="java.lang.String"
		resultMap="studentResultMap">
		select * from student where s_id=#{sId}
	</select>
	
	<!-- 分页查询学生 -->
	<select id="selectStudentByPage"
		parameterType="cn.edu.hbuas.etd.bean.Student"
		resultMap="studentResultMap">
		select student.s_id,student.s_user,student.s_pwd,student.s_name,student.s_gender,student.s_collegeId,
		college.college,student.s_majorId,major.major,student.s_phone,student.s_mail from student
		left join college on student.s_collegeId = college.collegeId
		left join major on college.collegeId = major.collegeId and student.s_majorId = major.majorId 
	</select>
	
	<resultMap type="cn.edu.hbuas.etd.bean.Student"
		id="studentResultMap">
		<id column="s_id" property="sId"/>
		<result column="s_user" property="sUser"/>
		<result column="s_pwd" property="sPwd"/>
		<result column="s_name" property="sName"/>
		<result column="s_gender" property="sGender"/>
		<result column="s_collegeId" property="sCollegeId"/>
		<result column="s_majorId" property="sMajorId"/>
		<result column="s_phone" property="sPhone"/>
		<result column="s_mail" property="sMail"/>
	</resultMap>
	
</mapper>