<?xml version="1.0" encoding="UTF-8"?>
<!DOCTYPE mapper
  PUBLIC "-//mybatis.org//DTD Mapper 3.0//EN"
  "http://mybatis.org/dtd/mybatis-3-mapper.dtd">
<!-- 映射器文件 -->
<mapper namespace="cn.edu.hbuas.etd.mapper.TeacherMapper">

	<!-- 添加学生 -->
	<insert id="addTeacher"
		parameterType="cn.edu.hbuas.etd.bean.Teacher">
		<selectKey keyProperty="tId" resultType="string" order="BEFORE">  
	        select replace(uuid(), '-', '') as id from dual
		</selectKey>
		insert into teacher(t_id,t_user,t_pwd,t_name,t_gender,t_collegeId,t_majorId,t_phone,t_mail)
		values(#{tId}, #{tUser}, #{tPwd}, #{tName}, #{tGender}, #{tCollegeId}, #{tMajorId}, #{tPhone}, #{tMail})
	</insert>

	<!-- 删除学生 -->
	<delete id="deleteTeachers">
		delete from teacher where t_id in
		<foreach item ="tId" collection="array" open="(" close=")" separator="," >
		#{tId}
		</foreach>
	</delete>
	
	<!-- 修改学生 -->
	<update id="updateTeacher"
		parameterType="cn.edu.hbuas.etd.bean.Teacher">
		update teacher set 
		t_user = #{tUser},
		t_pwd = #{tPwd},
		t_name = #{tName},
		t_gender = #{tGender},
		t_collegeId = #{tCollegeId},
		t_majorId = #{tMajorId},
		t_phone = #{tPhone},
		t_mail = #{tMail} 
		where t_id = #{tId}
	</update>
	
	<!-- 查询学生 -->
	<select id="selectTeacher"
		parameterType="java.lang.String"
		resultMap="teacherResultMap">
		select * from teacher where t_id=#{tId}
	</select>
	
	<!-- 分页查询学生 -->
	<select id="selectTeacherByPage"
		parameterType="cn.edu.hbuas.etd.bean.Teacher"
		resultMap="teacherResultMap">
		select teacher.t_id,teacher.t_user,teacher.t_pwd,teacher.t_name,teacher.t_gender,teacher.t_collegeId,
		college.college,teacher.t_majorId,major.major,teacher.t_phone,teacher.t_mail from teacher
		left join college on teacher.t_collegeId = college.collegeId
		left join major on college.collegeId = major.collegeId and teacher.t_majorId = major.majorId 
	</select>
	
	<resultMap type="cn.edu.hbuas.etd.bean.Teacher"
		id="teacherResultMap">
		<id column="t_id" property="tId"/>
		<result column="t_user" property="tUser"/>
		<result column="t_pwd" property="tPwd"/>
		<result column="t_name" property="tName"/>
		<result column="t_gender" property="tGender"/>
		<result column="t_collegeId" property="tCollegeId"/>
		<result column="t_majorId" property="tMajorId"/>
		<result column="t_phone" property="tPhone"/>
		<result column="t_mail" property="tMail"/>
	</resultMap>
	
</mapper>